<application>
  <component name="dataSourceStorage" format="xml" multifile-model="true">
    <data-source source="LOCAL" name="[STG] organizations" uuid="ee207d72-28c2-4d41-b132-65b4912dcdff">
      <driver-ref>postgresql</driver-ref>
      <synchronize>true</synchronize>
      <imported>true</imported>
      <jdbc-driver>org.postgresql.Driver</jdbc-driver>
      <jdbc-url>jdbc:postgresql://staging-organizations-db.c354ygwyy67m.eu-central-1.rds.amazonaws.com:5432/organizations</jdbc-url>
      <jdbc-additional-properties>
        <property name="AWS.SecretId" value="arn:aws:secretsmanager:eu-central-1:496148790628:secret:staging/organizations/rds-secret-mQZboP" />
        <property name="AWS.RegionId" value="eu-central-1" />
        <property name="AWS.getUrlFromSecret" value="false" />
        <property name="AWS.CredentialId" value="profile:pliant-dbs-sso-staging" />
      </jdbc-additional-properties>
      <working-dir>$ProjectFileDir$</working-dir>
    </data-source>
    <data-source source="LOCAL" name="[DEV] organizations" uuid="eff88b91-5f04-4392-8ee9-a16d5a7aac83">
      <driver-ref>postgresql</driver-ref>
      <synchronize>true</synchronize>
      <imported>true</imported>
      <jdbc-driver>org.postgresql.Driver</jdbc-driver>
      <jdbc-url>jdbc:postgresql://dev-organizations-db.ccyknuazs9kb.eu-central-1.rds.amazonaws.com:5432/organizations</jdbc-url>
      <jdbc-additional-properties>
        <property name="AWS.SecretId" value="arn:aws:secretsmanager:eu-central-1:412305893436:secret:dev/organizations/rds-secret-1h8qSl" />
        <property name="AWS.RegionId" value="eu-central-1" />
        <property name="AWS.getUrlFromSecret" value="false" />
        <property name="AWS.CredentialId" value="profile:pliant-dbs-sso-dev" />
      </jdbc-additional-properties>
      <working-dir>$ProjectFileDir$</working-dir>
    </data-source>
    <data-source source="LOCAL" name="[PROD] cards" uuid="3278dd9e-df7b-4d14-a196-3b46adacf106">
      <driver-ref>postgresql</driver-ref>
      <synchronize>true</synchronize>
      <imported>true</imported>
      <jdbc-driver>org.postgresql.Driver</jdbc-driver>
      <jdbc-url>jdbc:postgresql://prod-cards-encrypted-db.crd2fom9jnsa.eu-central-1.rds.amazonaws.com:5432/cards</jdbc-url>
      <jdbc-additional-properties>
        <property name="AWS.RdsSigningPort" value="5432" />
        <property name="AWS.RegionId" value="eu-central-1" />
        <property name="AWS.CredentialId" value="profile:pliant-dbs-sso" />
        <property name="AWS.RdsSigningHost" value="prod-cards-encrypted-db.crd2fom9jnsa.eu-central-1.rds.amazonaws.com" />
      </jdbc-additional-properties>
      <working-dir>$ProjectFileDir$</working-dir>
    </data-source>
    <data-source source="LOCAL" name="[DEV] cards" uuid="0808ab56-4a96-48a1-8e8e-0749ffdf852c">
      <driver-ref>postgresql</driver-ref>
      <synchronize>true</synchronize>
      <jdbc-driver>org.postgresql.Driver</jdbc-driver>
      <jdbc-url>jdbc:postgresql://dev-cards-db.ccyknuazs9kb.eu-central-1.rds.amazonaws.com:5432/cards</jdbc-url>
      <jdbc-additional-properties>
        <property name="AWS.SecretId" value="arn:aws:secretsmanager:eu-central-1:412305893436:secret:dev/cards/rds-secret-5jrg6l" />
        <property name="AWS.RegionId" value="eu-central-1" />
        <property name="AWS.getUrlFromSecret" value="false" />
        <property name="AWS.CredentialId" value="profile:pliant-dbs-sso-dev" />
      </jdbc-additional-properties>
      <working-dir>$ProjectFileDir$</working-dir>
    </data-source>
    <data-source source="LOCAL" name="DEV notifications" uuid="2064ed27-34f4-4098-bacf-3b9489f1e4e7">
      <driver-ref>postgresql</driver-ref>
      <synchronize>true</synchronize>
      <jdbc-driver>org.postgresql.Driver</jdbc-driver>
      <jdbc-url>jdbc:postgresql://dev-notifications-db.ccyknuazs9kb.eu-central-1.rds.amazonaws.com:5432/notifications</jdbc-url>
      <working-dir>$ProjectFileDir$</working-dir>
    </data-source>
    <data-source source="LOCAL" name="[PROD] documents" uuid="966f96e1-0209-43aa-94e5-122687df300e">
      <driver-ref>postgresql</driver-ref>
      <synchronize>true</synchronize>
      <imported>true</imported>
      <jdbc-driver>org.postgresql.Driver</jdbc-driver>
      <jdbc-url>jdbc:postgresql://prod-documents-encrypted-db.crd2fom9jnsa.eu-central-1.rds.amazonaws.com:5432/documents</jdbc-url>
      <jdbc-additional-properties>
        <property name="AWS.RdsSigningPort" value="5432" />
        <property name="AWS.RegionId" value="eu-central-1" />
        <property name="AWS.CredentialId" value="profile:pliant-dbs-sso" />
        <property name="AWS.RdsSigningHost" value="prod-documents-encrypted-db.crd2fom9jnsa.eu-central-1.rds.amazonaws.com" />
      </jdbc-additional-properties>
      <working-dir>$ProjectFileDir$</working-dir>
    </data-source>
    <data-source source="LOCAL" name="[STG] documents" uuid="ce17694a-8d5c-4e85-909e-8410158bddb2">
      <driver-ref>postgresql</driver-ref>
      <synchronize>true</synchronize>
      <imported>true</imported>
      <jdbc-driver>org.postgresql.Driver</jdbc-driver>
      <jdbc-url>jdbc:postgresql://staging-documents-db.c354ygwyy67m.eu-central-1.rds.amazonaws.com:5432/documents</jdbc-url>
      <jdbc-additional-properties>
        <property name="AWS.SecretId" value="arn:aws:secretsmanager:eu-central-1:496148790628:secret:staging/documents/rds-secret-5q4ZRT" />
        <property name="AWS.RegionId" value="eu-central-1" />
        <property name="AWS.getUrlFromSecret" value="false" />
        <property name="AWS.CredentialId" value="profile:pliant-dbs-sso-staging" />
      </jdbc-additional-properties>
      <working-dir>$ProjectFileDir$</working-dir>
    </data-source>
    <data-source source="LOCAL" name="[DEV] subscriptions" uuid="41560f6a-4d22-4d6a-a3bf-e8ca89ef1634">
      <driver-ref>postgresql</driver-ref>
      <synchronize>true</synchronize>
      <imported>true</imported>
      <jdbc-driver>org.postgresql.Driver</jdbc-driver>
      <jdbc-url>jdbc:postgresql://dev-subscriptions-db.ccyknuazs9kb.eu-central-1.rds.amazonaws.com:5432/subscriptions</jdbc-url>
      <jdbc-additional-properties>
        <property name="AWS.SecretId" value="arn:aws:secretsmanager:eu-central-1:412305893436:secret:dev/subscriptions/rds-secret-FWInDw" />
        <property name="AWS.RegionId" value="eu-central-1" />
        <property name="AWS.getUrlFromSecret" value="false" />
        <property name="AWS.CredentialId" value="profile:pliant-dbs-sso-dev" />
      </jdbc-additional-properties>
      <working-dir>$ProjectFileDir$</working-dir>
    </data-source>
    <data-source source="LOCAL" name="[PROD] cashback" uuid="b6e76c47-69c6-4f40-8f24-32dfeb214f6d">
      <driver-ref>postgresql</driver-ref>
      <synchronize>true</synchronize>
      <imported>true</imported>
      <jdbc-driver>org.postgresql.Driver</jdbc-driver>
      <jdbc-url>jdbc:postgresql://prod-cashback-encrypted-db.crd2fom9jnsa.eu-central-1.rds.amazonaws.com:5432/cashback</jdbc-url>
      <jdbc-additional-properties>
        <property name="AWS.RdsSigningPort" value="5432" />
        <property name="AWS.RegionId" value="eu-central-1" />
        <property name="AWS.CredentialId" value="profile:pliant-dbs-sso" />
        <property name="AWS.RdsSigningHost" value="prod-cashback-encrypted-db.crd2fom9jnsa.eu-central-1.rds.amazonaws.com" />
      </jdbc-additional-properties>
      <working-dir>$ProjectFileDir$</working-dir>
    </data-source>
    <data-source source="LOCAL" name="[DEV] cashback" uuid="91fa1ade-ad84-4132-b901-dc6ef4230026">
      <driver-ref>postgresql</driver-ref>
      <synchronize>true</synchronize>
      <imported>true</imported>
      <jdbc-driver>org.postgresql.Driver</jdbc-driver>
      <jdbc-url>jdbc:postgresql://dev-cashback-db.ccyknuazs9kb.eu-central-1.rds.amazonaws.com:5432/cashback</jdbc-url>
      <jdbc-additional-properties>
        <property name="AWS.SecretId" value="arn:aws:secretsmanager:eu-central-1:412305893436:secret:dev/cashback/rds-secret-Qpaxxp" />
        <property name="AWS.RegionId" value="eu-central-1" />
        <property name="AWS.getUrlFromSecret" value="false" />
        <property name="AWS.CredentialId" value="profile:pliant-dbs-sso-dev" />
      </jdbc-additional-properties>
      <working-dir>$ProjectFileDir$</working-dir>
    </data-source>
    <data-source source="LOCAL" name="[STG] cards" uuid="782d0c2c-d0be-433f-b18f-8325c4a5996c">
      <driver-ref>postgresql</driver-ref>
      <synchronize>true</synchronize>
      <imported>true</imported>
      <jdbc-driver>org.postgresql.Driver</jdbc-driver>
      <jdbc-url>jdbc:postgresql://staging-cards-db.c354ygwyy67m.eu-central-1.rds.amazonaws.com:5432/cards</jdbc-url>
      <jdbc-additional-properties>
        <property name="AWS.SecretId" value="arn:aws:secretsmanager:eu-central-1:496148790628:secret:staging/cards/rds-secret-OEClkK" />
        <property name="AWS.RegionId" value="eu-central-1" />
        <property name="AWS.getUrlFromSecret" value="false" />
        <property name="AWS.CredentialId" value="profile:pliant-dbs-sso-staging" />
      </jdbc-additional-properties>
      <working-dir>$ProjectFileDir$</working-dir>
    </data-source>
    <data-source source="LOCAL" name="[DEV] documents" uuid="6556ed69-db87-4a5d-ab69-95418c2f8645">
      <driver-ref>postgresql</driver-ref>
      <synchronize>true</synchronize>
      <imported>true</imported>
      <jdbc-driver>org.postgresql.Driver</jdbc-driver>
      <jdbc-url>jdbc:postgresql://dev-documents-db.ccyknuazs9kb.eu-central-1.rds.amazonaws.com:5432/documents</jdbc-url>
      <jdbc-additional-properties>
        <property name="AWS.SecretId" value="arn:aws:secretsmanager:eu-central-1:412305893436:secret:dev/documents/rds-secret-HvfHvs" />
        <property name="AWS.RegionId" value="eu-central-1" />
        <property name="AWS.getUrlFromSecret" value="false" />
        <property name="AWS.CredentialId" value="profile:pliant-dbs-sso-dev" />
      </jdbc-additional-properties>
      <working-dir>$ProjectFileDir$</working-dir>
    </data-source>
    <data-source source="LOCAL" name="[DEV] notifications" uuid="0b235fc8-7a70-4ce4-a712-772db0933605">
      <driver-ref>postgresql</driver-ref>
      <synchronize>true</synchronize>
      <imported>true</imported>
      <jdbc-driver>org.postgresql.Driver</jdbc-driver>
      <jdbc-url>jdbc:postgresql://dev-notifications-db.ccyknuazs9kb.eu-central-1.rds.amazonaws.com:5432/notifications</jdbc-url>
      <jdbc-additional-properties>
        <property name="AWS.SecretId" value="arn:aws:secretsmanager:eu-central-1:412305893436:secret:dev/notifications/rds-secret-pp0ecp" />
        <property name="AWS.RegionId" value="eu-central-1" />
        <property name="AWS.getUrlFromSecret" value="false" />
        <property name="AWS.CredentialId" value="profile:pliant-dbs-sso-dev" />
      </jdbc-additional-properties>
      <working-dir>$ProjectFileDir$</working-dir>
    </data-source>
    <data-source source="LOCAL" name="[PROD] notifications" uuid="e76f3830-6e21-4d93-a5f0-952db9a4496b">
      <driver-ref>postgresql</driver-ref>
      <synchronize>true</synchronize>
      <imported>true</imported>
      <jdbc-driver>org.postgresql.Driver</jdbc-driver>
      <jdbc-url>jdbc:postgresql://prod-notifications-encrypted-db.crd2fom9jnsa.eu-central-1.rds.amazonaws.com:5432/notifications</jdbc-url>
      <jdbc-additional-properties>
        <property name="AWS.RdsSigningPort" value="5432" />
        <property name="AWS.RegionId" value="eu-central-1" />
        <property name="AWS.CredentialId" value="profile:pliant-dbs-sso" />
        <property name="AWS.RdsSigningHost" value="prod-notifications-encrypted-db.crd2fom9jnsa.eu-central-1.rds.amazonaws.com" />
      </jdbc-additional-properties>
      <working-dir>$ProjectFileDir$</working-dir>
    </data-source>
    <data-source source="LOCAL" name="[DEV] merchant" uuid="53c31220-48cb-48ac-b2fa-f7cdd3793b4a">
      <driver-ref>postgresql</driver-ref>
      <synchronize>true</synchronize>
      <imported>true</imported>
      <jdbc-driver>org.postgresql.Driver</jdbc-driver>
      <jdbc-url>jdbc:postgresql://dev-merchant-db.ccyknuazs9kb.eu-central-1.rds.amazonaws.com:5432/merchant</jdbc-url>
      <jdbc-additional-properties>
        <property name="AWS.SecretId" value="arn:aws:secretsmanager:eu-central-1:412305893436:secret:dev/merchant/rds-secret-JreX3m" />
        <property name="AWS.RegionId" value="eu-central-1" />
        <property name="AWS.getUrlFromSecret" value="false" />
        <property name="AWS.CredentialId" value="profile:dev" />
      </jdbc-additional-properties>
      <working-dir>$ProjectFileDir$</working-dir>
    </data-source>
    <data-source source="LOCAL" name="[STG] merchant" uuid="ec67a434-b042-48d0-96c5-54d63089c641">
      <driver-ref>postgresql</driver-ref>
      <synchronize>true</synchronize>
      <imported>true</imported>
      <jdbc-driver>org.postgresql.Driver</jdbc-driver>
      <jdbc-url>jdbc:postgresql://staging-merchant-db.c354ygwyy67m.eu-central-1.rds.amazonaws.com:5432/merchant</jdbc-url>
      <jdbc-additional-properties>
        <property name="AWS.SecretId" value="arn:aws:secretsmanager:eu-central-1:496148790628:secret:staging/merchant/rds-secret-gE3stA" />
        <property name="AWS.RegionId" value="eu-central-1" />
        <property name="AWS.getUrlFromSecret" value="false" />
        <property name="AWS.CredentialId" value="profile:staging" />
      </jdbc-additional-properties>
      <working-dir>$ProjectFileDir$</working-dir>
    </data-source>
    <data-source source="LOCAL" name="[PROD] organizations" uuid="aa644599-706a-4649-96c4-aaf94ab4c2e3">
      <driver-ref>postgresql</driver-ref>
      <synchronize>true</synchronize>
      <imported>true</imported>
      <jdbc-driver>org.postgresql.Driver</jdbc-driver>
      <jdbc-url>jdbc:postgresql://prod-organizations-encrypted-db.crd2fom9jnsa.eu-central-1.rds.amazonaws.com:5432/organizations</jdbc-url>
      <jdbc-additional-properties>
        <property name="AWS.RdsSigningPort" value="5432" />
        <property name="AWS.RegionId" value="eu-central-1" />
        <property name="AWS.CredentialId" value="profile:pliant-dbs-sso-groovy" />
        <property name="AWS.RdsSigningHost" value="prod-organizations-encrypted-db.crd2fom9jnsa.eu-central-1.rds.amazonaws.com" />
      </jdbc-additional-properties>
      <working-dir>$ProjectFileDir$</working-dir>
    </data-source>
    <data-source source="LOCAL" name="[DEV] transactions" uuid="bf993ecf-6742-446f-98e7-e07cde8132fa">
      <driver-ref>postgresql</driver-ref>
      <synchronize>true</synchronize>
      <imported>true</imported>
      <jdbc-driver>org.postgresql.Driver</jdbc-driver>
      <jdbc-url>jdbc:postgresql://dev-transactions-db.ccyknuazs9kb.eu-central-1.rds.amazonaws.com:5432/transactions</jdbc-url>
      <jdbc-additional-properties>
        <property name="AWS.SecretId" value="arn:aws:secretsmanager:eu-central-1:412305893436:secret:dev/transactions/rds-secret-gKyRM2" />
        <property name="AWS.RegionId" value="eu-central-1" />
        <property name="AWS.getUrlFromSecret" value="false" />
        <property name="AWS.CredentialId" value="profile:pliant-dbs-sso-dev" />
      </jdbc-additional-properties>
      <working-dir>$ProjectFileDir$</working-dir>
    </data-source>
    <data-source source="LOCAL" name="[DEV] accounting" uuid="6dd3ca35-dd24-4dff-9c1a-6667cc5a4bf7">
      <driver-ref>postgresql</driver-ref>
      <synchronize>true</synchronize>
      <imported>true</imported>
      <jdbc-driver>org.postgresql.Driver</jdbc-driver>
      <jdbc-url>jdbc:postgresql://dev-accounting-db.ccyknuazs9kb.eu-central-1.rds.amazonaws.com:5432/accounting</jdbc-url>
      <jdbc-additional-properties>
        <property name="AWS.SecretId" value="arn:aws:secretsmanager:eu-central-1:412305893436:secret:dev/accounting/rds-secret-QQkRG5" />
        <property name="AWS.RegionId" value="eu-central-1" />
        <property name="AWS.getUrlFromSecret" value="false" />
        <property name="AWS.CredentialId" value="profile:dev" />
      </jdbc-additional-properties>
      <working-dir>$ProjectFileDir$</working-dir>
    </data-source>
    <data-source source="LOCAL" name="[STG] accounting" uuid="bce6ecb8-1eb8-48ab-93ca-5ab52d4c4ffa">
      <driver-ref>postgresql</driver-ref>
      <synchronize>true</synchronize>
      <imported>true</imported>
      <jdbc-driver>org.postgresql.Driver</jdbc-driver>
      <jdbc-url>jdbc:postgresql://staging-accounting-db.c354ygwyy67m.eu-central-1.rds.amazonaws.com:5432/accounting</jdbc-url>
      <jdbc-additional-properties>
        <property name="AWS.SecretId" value="arn:aws:secretsmanager:eu-central-1:496148790628:secret:staging/accounting/rds-secret-vziYFJ" />
        <property name="AWS.RegionId" value="eu-central-1" />
        <property name="AWS.getUrlFromSecret" value="false" />
        <property name="AWS.CredentialId" value="profile:staging" />
      </jdbc-additional-properties>
      <working-dir>$ProjectFileDir$</working-dir>
    </data-source>
    <data-source source="LOCAL" name="[STG] subscriptions" uuid="acb72b23-64ad-4f3a-8ae2-a62ccbfe718c">
      <driver-ref>postgresql</driver-ref>
      <synchronize>true</synchronize>
      <imported>true</imported>
      <jdbc-driver>org.postgresql.Driver</jdbc-driver>
      <jdbc-url>jdbc:postgresql://staging-subscriptions-db.c354ygwyy67m.eu-central-1.rds.amazonaws.com:5432/subscriptions</jdbc-url>
      <jdbc-additional-properties>
        <property name="AWS.SecretId" value="arn:aws:secretsmanager:eu-central-1:496148790628:secret:staging/subscriptions/rds-secret-Dvmm0T" />
        <property name="AWS.RegionId" value="eu-central-1" />
        <property name="AWS.getUrlFromSecret" value="false" />
        <property name="AWS.CredentialId" value="profile:pliant-dbs-sso-staging" />
      </jdbc-additional-properties>
      <working-dir>$ProjectFileDir$</working-dir>
    </data-source>
    <data-source source="LOCAL" name="[PROD] subscription" uuid="6c9c1b19-20f4-46cb-914d-a975f4d6d3a6">
      <driver-ref>postgresql</driver-ref>
      <synchronize>true</synchronize>
      <imported>true</imported>
      <jdbc-driver>org.postgresql.Driver</jdbc-driver>
      <jdbc-url>jdbc:postgresql://prod-subscription-encrypted-db.crd2fom9jnsa.eu-central-1.rds.amazonaws.com:5432/subscriptions</jdbc-url>
      <jdbc-additional-properties>
        <property name="AWS.SecretId" value="arn:aws:secretsmanager:eu-central-1:903112633655:secret:prod/subscriptions/rds-secret-XXsYmv" />
        <property name="AWS.RegionId" value="eu-central-1" />
        <property name="AWS.getUrlFromSecret" value="false" />
        <property name="AWS.CredentialId" value="profile:pliant-dbs-sso" />
      </jdbc-additional-properties>
      <working-dir>$ProjectFileDir$</working-dir>
    </data-source>
    <data-source source="LOCAL" name="[PROD] members" uuid="a809df92-4d52-43ed-84c5-388b7a7cda28">
      <driver-ref>postgresql</driver-ref>
      <synchronize>true</synchronize>
      <imported>true</imported>
      <jdbc-driver>org.postgresql.Driver</jdbc-driver>
      <jdbc-url>jdbc:postgresql://prod-members-encrypted-db.crd2fom9jnsa.eu-central-1.rds.amazonaws.com:5432/members</jdbc-url>
      <jdbc-additional-properties>
        <property name="AWS.SecretId" value="arn:aws:secretsmanager:eu-central-1:903112633655:secret:prod/members/rds-secret-BZV5co" />
        <property name="AWS.RegionId" value="eu-central-1" />
        <property name="AWS.getUrlFromSecret" value="false" />
        <property name="AWS.CredentialId" value="profile:pliant-dbs-sso" />
      </jdbc-additional-properties>
      <working-dir>$ProjectFileDir$</working-dir>
    </data-source>
    <data-source source="LOCAL" name="[DEV] members" uuid="e4f0ba1e-07db-4819-8c75-2989d6f7e569">
      <driver-ref>postgresql</driver-ref>
      <synchronize>true</synchronize>
      <imported>true</imported>
      <jdbc-driver>org.postgresql.Driver</jdbc-driver>
      <jdbc-url>jdbc:postgresql://dev-members-db.ccyknuazs9kb.eu-central-1.rds.amazonaws.com:5432/members</jdbc-url>
      <jdbc-additional-properties>
        <property name="AWS.SecretId" value="arn:aws:secretsmanager:eu-central-1:412305893436:secret:dev/members/rds-secret-ZBQPrM" />
        <property name="AWS.RegionId" value="eu-central-1" />
        <property name="AWS.getUrlFromSecret" value="false" />
        <property name="AWS.CredentialId" value="profile:pliant-dbs-sso-dev" />
      </jdbc-additional-properties>
      <working-dir>$ProjectFileDir$</working-dir>
    </data-source>
    <data-source source="LOCAL" name="[LOCAL] documents" uuid="359b210c-a5d2-46c1-a642-734fc9a3d371">
      <driver-ref>postgresql</driver-ref>
      <synchronize>true</synchronize>
      <jdbc-driver>org.postgresql.Driver</jdbc-driver>
      <jdbc-url>jdbc:postgresql://localhost:5432/postgres</jdbc-url>
      <working-dir>$ProjectFileDir$</working-dir>
    </data-source>
    <data-source source="LOCAL" name="[DEV] partner" uuid="8bd5ea00-d4c4-4574-b421-14883df2d31b">
      <driver-ref>postgresql</driver-ref>
      <synchronize>true</synchronize>
      <imported>true</imported>
      <jdbc-driver>org.postgresql.Driver</jdbc-driver>
      <jdbc-url>jdbc:postgresql://dev-partners-db.ccyknuazs9kb.eu-central-1.rds.amazonaws.com:5432/partners</jdbc-url>
      <jdbc-additional-properties>
        <property name="AWS.SecretId" value="arn:aws:secretsmanager:eu-central-1:412305893436:secret:dev/partners/rds-secret-kMQI32" />
        <property name="AWS.RegionId" value="eu-central-1" />
        <property name="AWS.getUrlFromSecret" value="false" />
        <property name="AWS.CredentialId" value="profile:pliant-dbs-sso-dev" />
      </jdbc-additional-properties>
      <working-dir>$ProjectFileDir$</working-dir>
    </data-source>
    <data-source source="LOCAL" name="[STG] members" uuid="9a9ad6b8-9447-492b-a4fb-53a751d82e72">
      <driver-ref>postgresql</driver-ref>
      <synchronize>true</synchronize>
      <imported>true</imported>
      <jdbc-driver>org.postgresql.Driver</jdbc-driver>
      <jdbc-url>jdbc:postgresql://staging-members-db.c354ygwyy67m.eu-central-1.rds.amazonaws.com:5432/members</jdbc-url>
      <jdbc-additional-properties>
        <property name="AWS.SecretId" value="arn:aws:secretsmanager:eu-central-1:496148790628:secret:staging/members/rds-secret-bun5tb" />
        <property name="AWS.RegionId" value="eu-central-1" />
        <property name="AWS.getUrlFromSecret" value="false" />
        <property name="AWS.CredentialId" value="profile:pliant-dbs-sso-staging" />
      </jdbc-additional-properties>
      <working-dir>$ProjectFileDir$</working-dir>
    </data-source>
  </component>
</application>