<application>
  <component name="FileTypeManager" version="18">
    <extensionMap>
      <mapping pattern="GenericController" type="JAVA" />
      <mapping ext="gradle.kts" type="Kotlin" />
      <mapping ext="main.kts" type="Kotlin" />
      <mapping pattern="emptyRequestMessage.json" type="PLAIN_TEXT" />
      <mapping pattern="test" type="PLAIN_TEXT" />
      <mapping ext="zed" type="PLAIN_TEXT" />
      <mapping ext="exec" type="PLAIN_TEXT" />
      <mapping ext="in" type="PLAIN_TEXT" />
      <mapping ext="out" type="PLAIN_TEXT" />
      <mapping ext="msg" type="PLAIN_TEXT" />
      <mapping ext="dat" type="PLAIN_TEXT" />
      <removed_mapping ext="apk" approved="true" type="ARCHIVE" />
      <removed_mapping ext="bat" approved="true" type="PLAIN_TEXT" />
      <removed_mapping ext="cmd" approved="true" type="PLAIN_TEXT" />
      <removed_mapping ext="csv" approved="true" type="CSV/TSV" />
      <removed_mapping ext="dockerfile" approved="true" type="textmate" />
      <removed_mapping ext="log" approved="true" type="PLAIN_TEXT" />
      <removed_mapping ext="makefile" approved="true" type="textmate" />
      <removed_mapping ext="psd" approved="true" type="Image" />
      <removed_mapping ext="qrc" approved="true" type="XML" />
      <removed_mapping ext="snakefile" approved="true" type="textmate" />
      <removed_mapping ext="tsv" approved="true" type="CSV/TSV" />
    </extensionMap>
  </component>
</application>