<application>
  <component name="FindSettings">
    <option name="customScope" value="All Places" />
    <option name="defaultScopeName" value="All Places" />
    <option name="SEARCH_SCOPE" value="All Places" />
    <mask>*.jsp</mask>
    <mask>*.js</mask>
    <mask>*.as</mask>
    <mask>*.mxml</mask>
    <mask>*.sh</mask>
    <mask>*.yaml</mask>
    <mask>*.css</mask>
    <mask>*.php</mask>
    <mask>*Repository.java</mask>
    <mask>*IT.java</mask>
    <mask>main.tf</mask>
    <mask>*.html</mask>
    <mask>*service.java</mask>
    <mask>*Exception.java</mask>
    <mask>*.json</mask>
    <mask>*api.java</mask>
    <mask>*.java</mask>
    <mask>*.properties</mask>
    <mask>*.xml</mask>
  </component>
</application>