<application>
  <component name="ActionMacroManager">
    <macro name="updateCrefoId">
      <shortuct text="ENTER" />
      <typing text-keycode="85:1;78:1;80:1">UNP</typing>
      <action id="EditorBackSpace" />
      <action id="EditorBackSpace" />
      <typing text-keycode="80:1;68:1;65:1;84:1;69:1;32:1;79:0;82:0;71:0;65:0;78:0;73:0;90:0;65:0;84:0;73:0;79:0;78:0;32:0;83:1;69:1;84:1;32:1;67:0;82:0;69:0;70:0;79:0;523:1;73:0;68:0;32:0;61:1;32:1">PDATE&amp;#x20;organization&amp;#x20;SET&amp;#x20;crefo_id&amp;#x20;=&amp;#x20;</typing>
      <action id="EditorNextWord" />
      <typing text-keycode="32:0;87:1;72:1;69:1;82:1;69:1;32:0;73:0;68:0;32:0;61:1">&amp;#x20;WHERE&amp;#x20;id&amp;#x20;=</typing>
      <action id="EditorRight" />
      <typing text-keycode="222:0">'</typing>
      <action id="EditorLineEnd" />
      <typing text-keycode="222:0;59:1">';</typing>
      <action id="EditorRight" />
    </macro>
  </component>
</application>