<application>
  <component name="ProjectManager">
    <defaultProject>
      <component name="ProjectRootManager" version="2" languageLevel="JDK_17" project-jdk-name="17" project-jdk-type="JavaSDK" />
      <component name="ProjectView">
        <navigator proportions="" version="1" />
        <panes />
      </component>
      <component name="ProjectViewState">
        <option name="hideEmptyMiddlePackages" value="true" />
        <option name="showLibraryContents" value="true" />
      </component>
      <component name="PropertiesComponent">{
  &quot;keyToString&quot;: {
    &quot;project.structure.last.edited&quot;: &quot;Problems&quot;,
    &quot;project.structure.proportion&quot;: &quot;0.0&quot;,
    &quot;project.structure.side.proportion&quot;: &quot;0.2&quot;,
    &quot;settings.editor.selected.configurable&quot;: &quot;configurable.group.appearance&quot;
  }
}</component>
      <component name="masterDetails">
        <states>
          <state key="GlobalLibrariesConfigurable.UI">
            <settings>
              <splitter-proportions>
                <option name="proportions">
                  <list>
                    <option value="0.2" />
                  </list>
                </option>
              </splitter-proportions>
            </settings>
          </state>
          <state key="JdkListConfigurable.UI">
            <settings>
              <last-edited>17</last-edited>
              <splitter-proportions>
                <option name="proportions">
                  <list>
                    <option value="0.2" />
                  </list>
                </option>
              </splitter-proportions>
            </settings>
          </state>
          <state key="ProjectLibrariesConfigurable.UI">
            <settings>
              <splitter-proportions>
                <option name="proportions">
                  <list>
                    <option value="0.2" />
                  </list>
                </option>
              </splitter-proportions>
            </settings>
          </state>
        </states>
      </component>
    </defaultProject>
  </component>
</application>