<keymap version="1" name="macOS copy" parent="Mac OS X 10.5+">
  <action id="ActivateDatabaseToolWindow">
    <keyboard-shortcut first-keystroke="alt d" />
  </action>
  <action id="ActivateServicesToolWindow" />
  <action id="ActivateTerminalToolWindow">
    <keyboard-shortcut first-keystroke="meta 8" />
  </action>
  <action id="Annotate">
    <keyboard-shortcut first-keystroke="ctrl meta b" />
  </action>
  <action id="ClassNameCompletion">
    <keyboard-shortcut first-keystroke="alt space" />
  </action>
  <action id="CloseProject">
    <keyboard-shortcut first-keystroke="ctrl q" />
  </action>
  <action id="CommentByBlockComment">
    <keyboard-shortcut first-keystroke="shift alt q" />
  </action>
  <action id="CommentByLineComment">
    <keyboard-shortcut first-keystroke="alt q" />
  </action>
  <action id="Console.TableResult.NavigateForeignAction">
    <mouse-shortcut keystroke="meta button1" />
    <mouse-shortcut keystroke="Force touch" />
    <mouse-shortcut keystroke="button2" />
  </action>
  <action id="Coverage">
    <keyboard-shortcut first-keystroke="ctrl c" />
  </action>
  <action id="EditorCloneCaretAbove">
    <keyboard-shortcut first-keystroke="shift meta up" />
  </action>
  <action id="EditorCloneCaretBelow">
    <keyboard-shortcut first-keystroke="shift meta down" />
  </action>
  <action id="EditorToggleCase" />
  <action id="GotoDeclaration">
    <mouse-shortcut keystroke="meta button1" />
    <mouse-shortcut keystroke="Force touch" />
    <mouse-shortcut keystroke="button2" />
    <keyboard-shortcut first-keystroke="meta alt b" />
  </action>
  <action id="GotoImplementation">
    <mouse-shortcut keystroke="meta alt button1" />
    <keyboard-shortcut first-keystroke="meta b" />
  </action>
  <action id="IntentionActionAsAction_com.intellij.codeInsight.intention.impl.IntroduceVariableIntentionAction">
    <keyboard-shortcut first-keystroke="alt a" />
  </action>
  <action id="Jdbc.OpenConsole.Any">
    <keyboard-shortcut first-keystroke="shift meta f10" />
  </action>
  <action id="Jpa.OpenConsole">
    <keyboard-shortcut first-keystroke="shift meta f10" />
  </action>
  <action id="ManageRecentProjects">
    <keyboard-shortcut first-keystroke="alt escape" />
  </action>
  <action id="Markdown.Styling.CreateLink" />
  <action id="Maven.Reimport">
    <keyboard-shortcut first-keystroke="shift ctrl m" />
  </action>
  <action id="MergeAllWindowsAction">
    <keyboard-shortcut first-keystroke="meta alt #10000ba" />
  </action>
  <action id="MoveStatementDown" />
  <action id="MoveStatementUp" />
  <action id="NextProjectWindow">
    <keyboard-shortcut first-keystroke="shift meta #10000ba" />
  </action>
  <action id="PinActiveTab">
    <keyboard-shortcut first-keystroke="alt p" />
  </action>
  <action id="PreviousProjectWindow">
    <keyboard-shortcut first-keystroke="meta #10000ba" />
  </action>
  <action id="QuickImplementations">
    <keyboard-shortcut first-keystroke="meta y" />
  </action>
  <action id="ShelveChanges.UnshelveWithDialog" />
  <action id="StringManipulation.SwitchStyleAction">
    <keyboard-shortcut first-keystroke="shift meta u" />
  </action>
  <action id="WD.UploadCurrentRemoteFileAction" />
  <action id="org.intellij.plugins.markdown.ui.actions.styling.ToggleBoldAction" />
</keymap>